variant,n_correct,accuracy,f1_macro,f1_weighted,input_tokens,output_tokens,cost_usd
B_paragraph_section,47,0.734375,0.6532258064516129,0.6640625,224304,6814,0.8894599999999999
C_example_only,45,0.703125,0.6216931216931216,0.6432291666666666,354480,6872,1.2368000000000001
D_section_example,45,0.703125,0.6190476190476191,0.640625,500976,7078,1.64586
E_all_fields,45,0.703125,0.6190476190476191,0.640625,550064,6244,1.70756
A_section_only,45,0.703125,0.6058201058201058,0.6276041666666666,175216,5937,0.78539
